id,kode_provinsi,nama_provinsi,judul_berita,klasifikasi_utama,klasifikasi_menyinggung,status_berita,bulan,jumlah_aduan,satuan,tahun
1,32,JAWA BARAT,RS HASAN SADIKIN BANDUNG ISOLASI PASIEN TERDUGA VIRUS CORONA,0,0,BENAR,JANUARI,19,ADUAN,2020
2,32,JAWA BARAT,"SELEBARAN BERLOGO POLDA METRO JAYA : WASPADA PENCULIKAN ANAK 12 TAHUN, PELAKU MENYAMAR SEBAGAI BUMIL",0,0,DISINFORMASI (HOAKS),JANUARI,6,ADUAN,2020
3,32,JAWA BARAT,"ARTI HURUF ARAB PADA BUKU IQRA 1, CORONA DICIPTAKAN PADA ZAMAN PENUH KEBOHONGAN",0,0,DISINFORMASI (HOAKS),JANUARI,3,ADUAN,2020
4,32,JAWA BARAT,"CIPANAS (PUNCAK) BARU SAJA DILANDA BANJIR BANDANG, ALIRAN AIRNYA BISA MASUK JKT BESOK PAGI",0,0,DISINFORMASI (HOAKS),JANUARI,3,ADUAN,2020
5,32,JAWA BARAT,"DITOLAK DI BERBAGAI NEGARA, RATUSAN TURIS CHINA DISAMBUT DI INONESIA",0,0,BENAR,JANUARI,3,ADUAN,2020
6,32,JAWA BARAT,DUA LAKI-LAKI PENIPU MENCARI DANA PAKAI BAJU LAMBANG PANCASILA,0,0,DISINFORMASI (HOAKS),JANUARI,3,ADUAN,2020
7,32,JAWA BARAT,KABAR PENEMUAN JENAZAH SISWA SEKOLAH DASAR DI KEMAYORAN,0,0,DISINFORMASI (HOAKS),JANUARI,3,ADUAN,2020
8,32,JAWA BARAT,VIRAL BAYI USIA 2 BULAN DI SUKABUMI MENINGGAL DIDUGA KARENA IMUNISASI,0,0,BENAR,JANUARI,3,ADUAN,2020
9,32,JAWA BARAT,APLIKASI WHATSAPP TELAH DIBLOKIR OLEH HACKER KELAS DUNIA BERINISIAL FFM,0,0,DISINFORMASI (HOAKS),JANUARI,2,ADUAN,2020
10,32,JAWA BARAT,BIAYA TILANG TERBARU DI INDONESIA,0,0,DISINFORMASI (HOAKS),JANUARI,2,ADUAN,2020
11,32,JAWA BARAT,"CORONA VIRUS UDAH NYAMPE KE BANDUNG, DI RSHS UDAH ADA 1 PASIEN YANG FIX CORONA VIRUS, 1 PASEIN SUSPECT",0,0,MISINFORMASI (HOAKS),JANUARI,2,ADUAN,2020
12,32,JAWA BARAT,DUA ORANG KENAKAN BAJU BERLAMBANG PANCASILA LAKUKAN HIPNOTIS BERMODUS MINTA BANTUAN PEDULI PULAU SEBUKU,0,0,DISINFORMASI (HOAKS),JANUARI,2,ADUAN,2020
13,32,JAWA BARAT,INFO KEPADA REKAN-REKAN : DI RSHS BANDUNG UDAH ADA PASIEN SUSPECT VIRUS CORONA RUJUKAN DARI RS CAHYA KAWALUYAAN,0,0,MISINFORMASI (HOAKS),JANUARI,2,ADUAN,2020
14,32,JAWA BARAT,"PEMBERITAHUAN KEMENTERIAN KESEHATAN : VIRUS CORONA KALI INI SERIUS, JAGA TENGGOROKAN TETAP LEMBAB, MINUMLAH 50-80 CC AIR HANGAT, 30-50 CC UNTUK ANAK-ANAK",0,0,DISINFORMASI (HOAKS),JANUARI,2,ADUAN,2020
15,32,JAWA BARAT,PENTING! KEMENKES RI SIAGAKAN 19 DAERAH WASPADA VIRUS CORONA,0,0,BENAR,JANUARI,2,ADUAN,2020
16,32,JAWA BARAT,ADA 136 PASIEN DALAM PENGAWASAN VIRUS CORONA DI INDONESIA,0,0,MISINFORMASI (HOAKS),FEBRUARI,22,ADUAN,2020
17,32,JAWA BARAT,HIMBAUAN DARI KBRI KL UNTUK TIDAK MENGKONSUMSI MAKANAN PRODUK CHINA,0,0,DISINFORMASI (HOAKS),FEBRUARI,17,ADUAN,2020
18,32,JAWA BARAT,MARET 2020 AKAN ADA PEMBUATAN SIM KOLEKTIF DI SELURUH SAMSAT INDONESIA,0,0,DISINFORMASI (HOAKS),FEBRUARI,13,ADUAN,2020
19,32,JAWA BARAT,PASIEN VIRUS CORONA DI APARTEMEN TAMAN ANGGREK,0,0,MISINFORMASI (HOAKS),FEBRUARI,8,ADUAN,2020
20,32,JAWA BARAT,VIDEO WARGA CHINA IKUT SHALAT GARA-GARA VIRUS CORONA,0,0,DISINFORMASI (HOAKS),FEBRUARI,8,ADUAN,2020
21,32,JAWA BARAT,INFORMASI UJI COBA TILANG ELEKTRONIK DI BOGOR,0,0,DISINFORMASI (HOAKS),FEBRUARI,7,ADUAN,2020
22,32,JAWA BARAT,PINGGIR TOL CIPULARANG KM 118 KEMBALI LONGSOR,0,0,BENAR,FEBRUARI,6,ADUAN,2020
23,32,JAWA BARAT,"INFO DARI DUBES KBRI : JANGAN MAKAN DULU PRODUKSI NEGERI CINA, PEKERJA PABRIKNYA PENGIDAP VIRUS CARONA",0,0,DISINFORMASI (HOAKS),FEBRUARI,5,ADUAN,2020
24,32,JAWA BARAT,"KOMPAS TV MENYIARKAN 5 PASIEN VIRUS CORONA DI SEMARANG, 1 ORANG MENINGGAL",0,0,DISINFORMASI (HOAKS),FEBRUARI,5,ADUAN,2020
25,32,JAWA BARAT,FOTO SEORANG ANAK LAKI-LAKI YANG TAMPAK SEDANG DIMANDIKAN DENGAN BEKAS JAHITAN DIBAGIAN PERUT BAWAH HINGGA BAGIAN DADA,0,0,DISINFORMASI (HOAKS),FEBRUARI,4,ADUAN,2020
26,32,JAWA BARAT,"HINDARI PENYEBARAN VIRUS, TIONGKOK MINTA PERSETUJUAN PENGADILAN UNTUK MEMBUNUH LEBIH DARI 20.000 PASIEN CORONAVIRUS",0,0,DISINFORMASI (HOAKS),FEBRUARI,4,ADUAN,2020
27,32,JAWA BARAT,INFO PEMBUATAN SIM KOLEKTIF,0,0,DISINFORMASI (HOAKS),FEBRUARI,4,ADUAN,2020
28,32,JAWA BARAT,MINYAK MASAK JENAMA ASRI ADALAH PRODUK SYARIKAT LEONG HUP PENTERNAK BABI TERBESAR DI MELAKA MALAYSIA,0,0,DISINFORMASI (HOAKS),FEBRUARI,4,ADUAN,2020
29,32,JAWA BARAT,MINYAK MASAK JENAMA ASRI MILIK SYARIKAT LEONG HUP PENTERNAK BABI TERBESAR DI MELAKA,0,0,DISINFORMASI (HOAKS),FEBRUARI,4,ADUAN,2020
30,32,JAWA BARAT,TUJUH PENUMPANG LION AIR RUTE TIONGKOK - MANADO TERINFEKSI VIRUS CORONA,0,0,MISINFORMASI (HOAKS),FEBRUARI,4,ADUAN,2020
31,32,JAWA BARAT,"PUKUL 23.00 WIB MALAM INI, PESAWAT HELIKOPTER MALAYSIA DAN SINGAPURA AKAN SEMPROTKAN RACUN PEMBASMI CORONA COVID-19",0,0,DISINFORMASI (HOAKS),MARET,93,ADUAN,2020
32,32,JAWA BARAT,ALAMAT PASIEN POSITIF CORONA YANG MENINGGAL DI RSHS,0,0,MISINFORMASI (HOAKS),MARET,49,ADUAN,2020
33,32,JAWA BARAT,"RIDWAN KAMIL : 30 MARET - 20 APRIL 2020 AREA BANDUNG, CIMAHI, CIBIRU, CILEUNYI, LEMBANG AKAN LOCKDOWN",0,0,DISINFORMASI (HOAKS),MARET,49,ADUAN,2020
34,32,JAWA BARAT,FOTO PASIEN POSITIF CORONA YANG KABUR DARI RUMAH SAKIT ADALAH DRIVER GOJEK,0,0,MISINFORMASI (HOAKS),MARET,41,ADUAN,2020
35,32,JAWA BARAT,"VOICE NOTE : RSHS BANDUNG TANGANI RESIDEN ANESTESI YANG MENINGGAL DUNIA, DUA ORANG DIISOLASI DAN LIMA ORANG BERSTATUS SUSPECT COVID-19",0,0,DISINFORMASI (HOAKS),MARET,41,ADUAN,2020
36,32,JAWA BARAT,PESAN LARANGAN KELUAR RUMAH AKIBAT PUNCAK INKUBASI CORONA COVID-19,0,0,DISINFORMASI (HOAKS),MARET,37,ADUAN,2020
37,32,JAWA BARAT,CHINA BERHASIL CIPTAKAN VAKSIN COVID-19 DAN SIAP DI PRODUKSI MASSAL,0,0,BENAR,MARET,33,ADUAN,2020
38,32,JAWA BARAT,VIRUS BARU YAITU VIRUS HANTA MUNCUL DI CHINA,0,0,BENAR,MARET,26,ADUAN,2020
39,32,JAWA BARAT,PESAN BERANTAI TENTANG PUNCAK PENYEBARAN CORONA,0,0,DISINFORMASI (HOAKS),MARET,21,ADUAN,2020
40,32,JAWA BARAT,VOICE NOTE YANG MENGATASNAMAKAN RSHS TENTANG REDZONE DAN PASIEN DI RSHS,0,0,DISINFORMASI (HOAKS),MARET,18,ADUAN,2020
41,32,JAWA BARAT,"TERUNGKAP, 238 WNI DARI WUHAN TAK DI TES VIRUS CORONA, ALATNYA MAHAL",0,0,BENAR,MARET,17,ADUAN,2020
42,32,JAWA BARAT,DUA ORANG POSITIF VIRUS CORONA DI INDONESIA,0,0,BENAR,MARET,16,ADUAN,2020
43,32,JAWA BARAT,PEMERINTAH MEMPERPANJANG STATUS DARURAT BENCANA COVID-19 HINGGA 29 MEI,0,0,BENAR,MARET,16,ADUAN,2020
44,32,JAWA BARAT,"SEMUA MASYARAKAT YANG PUNYA E-KTP, MULAI 28 MARET BERHAK MENDAPAT KONPENSASI SEJUMLAH RP. 1.250.000",0,0,MISINFORMASI (HOAKS),MARET,15,ADUAN,2020
45,32,JAWA BARAT,UTUSAN RIDWAN KAMIL AKAN MELAKUKAN LOCKDOWN DI KOTA BANDUNG,0,0,DISINFORMASI (HOAKS),MARET,14,ADUAN,2020
46,32,JAWA BARAT,ANGIN DARI UTARA KE SELATAN MEMBAWA WABAH PENYAKIT MELEWATI INDONESIA MENUJU AUSTRALIA,0,0,DISINFORMASI (HOAKS),APRIL,84,ADUAN,2020
47,32,JAWA BARAT,PESAN BERANTAI HASIL RAPAT DENGAN DINAS INDAG KOTA BANDUNG TENTANG INFO PSBB DI BANDUNG RAYA,0,0,MISINFORMASI (HOAKS),APRIL,38,ADUAN,2020
48,32,JAWA BARAT,POLRI AKAN MELAKUKAN RAZIA GABUNGAN TERKAIT BALAS DENDAM KELUARGA GENG MOTOR DAN PELAKU PEMBEGALAN,0,0,DISINFORMASI (HOAKS),APRIL,27,ADUAN,2020
49,32,JAWA BARAT,HIMBAUAN UNTUK BERHENTI TOTAL SELAMA 3 HARI DARI TANGGAL 10-12 APRIL 2020,0,0,DISINFORMASI (HOAKS),APRIL,26,ADUAN,2020
50,32,JAWA BARAT,INFORMASI TENTANG ADANYA PEMERASAN DENGAN SENJATA TAJAM DI BEBERAPA RUAS JALAN KOTA BANDUNG,0,0,DISINFORMASI (HOAKS),APRIL,21,ADUAN,2020
51,32,JAWA BARAT,MINIMARKET DI ANTAPANI BANDUNG DITUTUP KARENA KARYAWANNYA POSITIF COVID19,0,0,BENAR,APRIL,21,ADUAN,2020
52,32,JAWA BARAT,PEMERINTAH BERI INTERNET GRATIS AKIBAT CORONA VIRUS,0,0,DISINFORMASI (HOAKS),APRIL,18,ADUAN,2020
53,32,JAWA BARAT,RUTE PATROLI SKALA BESAR POLDA JABAR TANGGAL 10-12 APRIL 2020,0,0,BENAR,APRIL,18,ADUAN,2020
54,32,JAWA BARAT,KOMINFO LUNCURKAN APLIKASI PEDULI LINDUNGI,0,0,BENAR,APRIL,17,ADUAN,2020
55,32,JAWA BARAT,PESAN BERANTAI: AKSI BALAS DENDAM PARA PEMBEGAL DAN GENG MOTOR PADA SELASA MALAM,0,0,DISINFORMASI (HOAKS),APRIL,16,ADUAN,2020
56,32,JAWA BARAT,"PESAN PEMERINTAH TETAP DIRUMAH & JAGA JARAK, SEBAGAI INSENTIF PEMERINTAH GRATISKAN AKSES INTERNET",0,0,DISINFORMASI (HOAKS),APRIL,16,ADUAN,2020
57,32,JAWA BARAT,PROGRAM KARTU PRAKERJA DARI DISNAKERTRANS JABAR,0,0,BENAR,APRIL,11,ADUAN,2020
58,32,JAWA BARAT,ALFAMART BAGI-BAGI 6000 KUPON SENILAI RP. 2 JUTA,0,0,DISINFORMASI (HOAKS),APRIL,10,ADUAN,2020
59,32,JAWA BARAT,VIDEO WARGA KELUYURAN DI ATAS JAM 2 SIANG DIANCAM PUKUL ROTAN SAAT PENERAPAN PSBB BANDUNG RAYA,0,0,DISINFORMASI (HOAKS),APRIL,10,ADUAN,2020
60,32,JAWA BARAT,LINK TES COVID19 DAPAT HADIAH,0,0,DISINFORMASI (HOAKS),APRIL,9,ADUAN,2020
61,32,JAWA BARAT,"MUI PUSAT HIMBAU KIYAI DAN USTADZ AGAR TOLAK RAPID TEST, KARENA ITU MODUS OPERANDI PKI",0,0,DISINFORMASI (HOAKS),MEI,48,ADUAN,2020
62,32,JAWA BARAT,PEMERINTAH INDONESIA MEMPERTIMBANGKAN MEMAKAI STRATEGI HERD IMMUNITY,0,0,MISINFORMASI (HOAKS),MEI,21,ADUAN,2020
63,32,JAWA BARAT,KEMENTERIAN KESEHATAN ITALIA ; COVID19 BUKAN KARENA VIRUS MELAINKAN BAKTERI DAN DIPERKUAT RADIASI 5G MNYEBABKAN PERADANGAN DAN HIPOKSIA,0,0,MISINFORMASI (HOAKS),MEI,17,ADUAN,2020
64,32,JAWA BARAT,PEMERINTAH BERI INTERNET GRATIS AKIBAT CORONA VIRUS,0,0,DISINFORMASI (HOAKS),MEI,17,ADUAN,2020
65,32,JAWA BARAT,"LEBIH DAHSYAT DARI SERANGAN COVID-19, WABAH GIGITAN LEBAH MEMATIKAN KINI SERANG INDIA, CHINA DAN TURKI",0,0,DISINFORMASI (HOAKS),MEI,15,ADUAN,2020
66,32,JAWA BARAT,PENGUNGKAPAN PENJUALAN DAGING BABI DI KABUPATEN BANDUNG,0,0,BENAR,MEI,15,ADUAN,2020
67,32,JAWA BARAT,RIDWAN KAMIL IZINKAN PENGURUS MASJID LAKSANAKAN SOLAT JUMAT DAN IDUL FITRI,0,0,BENAR,MEI,15,ADUAN,2020
68,32,JAWA BARAT,VIDEO SEORANG IBU DAN KEDUA ANAKNYA GANTUNG DIRI DISEBABKAN LOCKDOWN,0,0,DISINFORMASI (HOAKS),MEI,15,ADUAN,2020
69,32,JAWA BARAT,VIDEO KERAMAIAN PASAR ANDIR BANDUNG DI TENGAH PSBB,0,0,DISINFORMASI (HOAKS),MEI,14,ADUAN,2020
70,32,JAWA BARAT,"DR. DR. SITI FADILAH SUPARI, SP.JP(K) : VAKSIN BILL GATES JANGAN DIGUNAKAN DI INDONESIA",0,0,MISINFORMASI (HOAKS),MEI,13,ADUAN,2020
71,32,JAWA BARAT,PSBB JAWA BARAT DI PERPANJANG SAMPAI 12 JUNI 2020,0,0,BENAR,MEI,13,ADUAN,2020
72,32,JAWA BARAT,TERSEBAR FOTO WANITA PASIEN POSITIF COVID19 YANG DISEBUTKAN KABUR DARI RUMAH SAKIT DI CIMAHI,0,0,MISINFORMASI (HOAKS),MEI,12,ADUAN,2020
73,32,JAWA BARAT,5000 USTADZ DI JABAR AKAN DISUNTIK COVID-19 SAMPAI MATI,0,0,DISINFORMASI (HOAKS),MEI,11,ADUAN,2020
74,32,JAWA BARAT,KISAH ABK INDONESIA DI KAPAL CHINA YANG DI PERLAKUKAN TIDAK MANUSIAWI HINGGA MENINGGAL MAYATNYA DI BUANG KE LAUT,0,0,BENAR,MEI,10,ADUAN,2020
75,32,JAWA BARAT,PEDAGANG PASAR KORDON BUBAT SUDAH BANYAK YANG POSITIF COVID19,0,0,MISINFORMASI (HOAKS),MEI,10,ADUAN,2020
76,32,JAWA BARAT,KEMENTERIAN KESEHATAN ITALIA ; COVID19 BUKAN KARENA VIRUS MELAINKAN BAKTERI DAN DIPERKUAT RADIASI 5G MNYEBABKAN PERADANGAN DAN HIPOKSIA,0,0,MISINFORMASI (HOAKS),JUNI,49,ADUAN,2020
77,32,JAWA BARAT,COVID-19 BISA DISEMBUHKAN DENGAN MINYAK KAYU PUTIH,0,0,DISINFORMASI (HOAKS),JUNI,13,ADUAN,2020
78,32,JAWA BARAT,RUMAH SAKIT PANCARAN KASIH MANADO SOGOK KELUARGA PASIEN YANG MENINGGAL AGAR PASIEN DIJADIKAN KORBAN COVID19,0,0,DISINFORMASI (HOAKS),JUNI,13,ADUAN,2020
79,32,JAWA BARAT,"4 PEDAGANG POSITIF CORONA, 3 PASAR DI KOTA BANDUNG DITUTUP",0,0,BENAR,JUNI,11,ADUAN,2020
80,32,JAWA BARAT,"CORONA MELANDA, BEBERAPA DISPENDA KOTA/KABUPATEN BERIKAN INSENTIF TAGIHAN PBB",0,0,BENAR,JUNI,9,ADUAN,2020
81,32,JAWA BARAT,"TERAPKAN PSBB PROPORSIONAL, BEBERAPA RUAS JALAN DI KOTA BANDUNG KEMBALI DITUTUP",0,0,BENAR,JUNI,8,ADUAN,2020
82,32,JAWA BARAT,"KANDUNG BAKTERI BERBAHAYA, KEMENTARIAN PERTANIAN MUSNAHKAN JAMUR ENOKI",0,0,BENAR,JUNI,6,ADUAN,2020
83,32,JAWA BARAT,RIDWAN KAMIL SEBUT SEKOLAH DI JABAR AKAN DIBUKA PADA JANUARI 2021,0,0,BENAR,JUNI,6,ADUAN,2020
84,32,JAWA BARAT,"BOGOR SAAT INI JADI LAUTAN MERAH MEMBARA, PENYEBARAN VIRUSNYA BANYAK SEKALI",0,0,BENAR,JUNI,5,ADUAN,2020
85,32,JAWA BARAT,TAK PAKAI MASKER DAN SARUNG TANGAN : JENIS PELANGGARAN YANG TERTERA DALAM LEMBAR SURAT TILANG,0,0,MISINFORMASI (HOAKS),JUNI,5,ADUAN,2020
86,32,JAWA BARAT,ANIES IJINKAN DISKOTEK DAN PANTAI PIJAT KEMBALI BEROPERASI,0,0,DISINFORMASI (HOAKS),JUNI,4,ADUAN,2020
87,32,JAWA BARAT,ANTISEPTIC POVIDONE ATAU BETADINE TERBUKTI EFEKTIF MEMBUNUH 99.99% VIRUS COVID19 DALAM 30 DETIK,0,0,BENAR,JUNI,4,ADUAN,2020
88,32,JAWA BARAT,"IDE AL QURAN NUSANTARA MULAI DI REALISASIKAN, ARTI SURAT AL-MAIDAH 51 BERUBAH DARI PEMIMPIN MENJADI TEMAN SETIA",0,0,DISINFORMASI (HOAKS),JUNI,4,ADUAN,2020
89,32,JAWA BARAT,"KHAWATIR BANGKITKAN PAHAM KOMUNIS, MUI KELUARKAN MAKLUMAT TOLAK RUU HIP",0,0,BENAR,JUNI,4,ADUAN,2020
90,32,JAWA BARAT,27 TENAGA MEDIS DI 7 PUSKESMAS DI KOTA BANDUNG TERPAPAR VIRUS CORONA,0,0,BENAR,JUNI,3,ADUAN,2020
91,32,JAWA BARAT,RATUSAN SISWA SECAPA AD BANDUNG POSITIF COVID-19,0,0,BENAR,JULI,31,ADUAN,2020
92,32,JAWA BARAT,"LEBIH DARI 40 ORANG ASN SETDA JABAR TERINDIKASI POSITIF COVID-19, GEDUNG SATE DITUTUP SEMENTARA",0,0,BENAR,JULI,23,ADUAN,2020
93,32,JAWA BARAT,"MAHKAMAH AGUNG KABULKAN GUGATAN PILPRES 2019, KEMENANGAN JOKOWI DIBATALKAN",0,0,MISINFORMASI (HOAKS),JULI,22,ADUAN,2020
94,32,JAWA BARAT,MULAI 27 JULI 2020 BAGI YANG TIDAK BERMASKER DI TEMPAT UMUM DI JAWA BARAT KENA DENDA 100-150RIBU,0,0,BENAR,JULI,21,ADUAN,2020
95,32,JAWA BARAT,WHO : PENULARAN CORONA TAK LAGI HANYA LEWAT DROPLET TAPI JUGA UDARA,0,0,DISINFORMASI (HOAKS),JULI,19,ADUAN,2020
96,32,JAWA BARAT,ISRAEL BERJANJI BAHWA INDONESIA AKAN DIBUAT SEPERTI PALESTINA,0,0,DISINFORMASI (HOAKS),JULI,16,ADUAN,2020
97,32,JAWA BARAT,IMBAUAN DISDUKCAPIL BANDUNG TENTANG KASUS PENYALAHGUNAAN KTP,0,0,DISINFORMASI (HOAKS),JULI,14,ADUAN,2020
98,32,JAWA BARAT,RADIASI LASER THERMO GUN BERBAHAYA BAGI TUBUH MANUSIA,0,0,DISINFORMASI (HOAKS),JULI,14,ADUAN,2020
99,32,JAWA BARAT,99 PERSONEL TNI PUDIKOM CIMAHI POSITIF CORONA,0,0,BENAR,JULI,12,ADUAN,2020
100,32,JAWA BARAT,MATA PELAJARAN PAI DAN BAHASA ARAB AKAN DIHAPUS DARI KURIKULUM,0,0,MISINFORMASI (HOAKS),JULI,12,ADUAN,2020
101,32,JAWA BARAT,PESAN BERANTAI : RAZIA PENGGUNAAN MASKER DI KABUPATEN BANDUNG,0,0,BENAR,JULI,11,ADUAN,2020
102,32,JAWA BARAT,"PERPRES KARTU KERJA DI REVISI, PESERTA WAJIB KEMBALIKAN UANG BANTUAN",0,0,BENAR,JULI,8,ADUAN,2020
103,32,JAWA BARAT,RATUSAN SISWA SECAPA AD BANDUNG TERPAPAR COVID-19,0,0,BENAR,JULI,8,ADUAN,2020
104,32,JAWA BARAT,ARIEF PUYONO USULKAN JUDI KASINO DAN TOGEL DI LEGALKAN,0,0,BENAR,JULI,7,ADUAN,2020
105,32,JAWA BARAT,KEBIJAKAN PEMDA JABAR TENTANG DENDA BAGI MASYARAKAT YANG TIDAK MENGGUNAKAN MASKER,0,0,DISINFORMASI (HOAKS),JULI,6,ADUAN,2020
106,32,JAWA BARAT,PEMERINTAH AKAN SEDIAKAN LAPTOP GRATIS UNTUK SISWA DAN GURU,KRIMINALITAS,KRIMINALITAS,DISINFORMASI (HOAKS),AGUSTUS,17,ADUAN,2020
107,32,JAWA BARAT,"DI TENGAH PANDEMI COVID-19, PELAKU UMKM DI KOTA BANDUNG AKAN TERIMA BANTUAN MODAL USAHA",EKONOMI,EKONOMI,BENAR,AGUSTUS,11,ADUAN,2020
108,32,JAWA BARAT,"DI HARI KEMERDEKAAN RI KE-75 TAHUN, BI DAN KEMENKEU TERBITKAN UANG BARU PECAHAN 75.000",EKONOMI,EKONOMI,BENAR,AGUSTUS,10,ADUAN,2020
109,32,JAWA BARAT,VIDEO SERANGAN RUDAL SEBELUM LEDAKAN DI BEIRUT LEBANON (VERSI 2),KRIMINALITAS,POLITIK,DISINFORMASI (HOAKS),AGUSTUS,10,ADUAN,2020
110,32,JAWA BARAT,"INFO RAZIA MASKER BESAR-BESARAN DI JABODETABEK LIBATKAN PEMDA, KEJAKSAAN DAN PM",HUKUM DAN REGULASI,HUKUM DAN REGULASI,DISINFORMASI (HOAKS),AGUSTUS,9,ADUAN,2020
111,32,JAWA BARAT,DAFTAR KARTU INDONESIA PINTAR SAMPAI DENGAN TANGGAL 25 AGUSTUS,HUKUM DAN REGULASI,PENDIDIKAN,DISINFORMASI (HOAKS),AGUSTUS,8,ADUAN,2020
112,32,JAWA BARAT,KUOTA BELAJAR TELKOMSEL 10GB HARGA RP10,PENDIDIKAN,PENDIDIKAN,BENAR,AGUSTUS,7,ADUAN,2020
113,32,JAWA BARAT,RIDWAN KAMIL DAFTARKAN DIRI SEBAGAI RELAWAN UJI KLINIS VAKSIN VIRS CORONA DARI CHINA,FIGUR,KESEHATAN,BENAR,AGUSTUS,6,ADUAN,2020
114,32,JAWA BARAT,"ULANG TAHUN KE-10, WHATSAPP BAGIKAN KONEKSI INTERNET GRATIS 35GB SELAMA 6 BULAN",KRIMINALITAS,TEKNOLOGI,DISINFORMASI (HOAKS),AGUSTUS,6,ADUAN,2020
115,32,JAWA BARAT,BROADCAST PERAMPOKAN BERMODUS PEMBAGIAN MASKER GRATIS MENGANDUNG BIUS,KRIMINALITAS,KRIMINALITAS,DISINFORMASI (HOAKS),AGUSTUS,4,ADUAN,2020
116,32,JAWA BARAT,HURRY UP AND GET FREE SHOES FROM ADIDAS,KRIMINALITAS,KRIMINALITAS,DISINFORMASI (HOAKS),AGUSTUS,4,ADUAN,2020
117,32,JAWA BARAT,COVID-19 BISA DISEMBUHKAN DENGAN MINYAK KAYU PUTIH,KESEHATAN,KESEHATAN,DISINFORMASI (HOAKS),AGUSTUS,3,ADUAN,2020
118,32,JAWA BARAT,"HYDROXYCHLOROQUINE, ZINC DAN ZITHROMAX TERBUKTI MEMBANTU KESEMBUHAN COVID-19",KESEHATAN,KESEHATAN,MISINFORMASI (HOAKS),AGUSTUS,3,ADUAN,2020
119,32,JAWA BARAT,"KECAMATAN CIMAUNG KABUPATEN BANDUNG ZONA MERAH COVID-19, WISATA GUNUNG PUNTANG DITUTUP SEMENTARA",HUKUM DAN REGULASI,KESEHATAN,BENAR,AGUSTUS,3,ADUAN,2020
120,32,JAWA BARAT,"MUI PUSAT HIMBAU KIYAI DAN USTADZ AGAR TOLAK RAPID TEST, KARENA ITU MODUS OPERANDI PKI",KESEHATAN,POLITIK,DISINFORMASI (HOAKS),AGUSTUS,3,ADUAN,2020
121,32,JAWA BARAT,"BIMA ARYA GELAR RAZIA GDS, SISWA YANG TERJARING DIBERI SANKSI MENYEMPROT LINGKUNGAN DENGAN RADIUS 1000 METER",HUKUM DAN REGULASI,HUKUM DAN REGULASI,DISINFORMASI (HOAKS),SEPTEMBER,46,ADUAN,2020
122,32,JAWA BARAT,"ADIDAS MENAWARKAN 3100 SEPATU GRATIS, T-SHIRT, DAN MASKER",KRIMINALITAS,KRIMINALITAS,DISINFORMASI (HOAKS),SEPTEMBER,17,ADUAN,2020
123,32,JAWA BARAT,COVID-19 BISA DISEMBUHKAN DENGAN MINYAK KAYU PUTIH,KESEHATAN,KESEHATAN,MISINFORMASI (HOAKS),SEPTEMBER,10,ADUAN,2020
124,32,JAWA BARAT,BROADCAST PERAMPOKAN BERMODUS PEMBAGIAN MASKER GRATIS MENGANDUNG BIUS,KRIMINALITAS,KRIMINALITAS,DISINFORMASI (HOAKS),SEPTEMBER,7,ADUAN,2020
125,32,JAWA BARAT,IMBAUAN DARI PANGLIMA PEMBEBASAN RAKYAT INDONESIA AGAR TINGKATKAN KEWASPADAAN PADA TANGGAL 29 DAN 30 SEPTEMBER 2020,POLITIK,POLITIK,DISINFORMASI (HOAKS),SEPTEMBER,7,ADUAN,2020
126,32,JAWA BARAT,PETA BANDUNG KOTA ZONA HITAM SEBARAN COVID19,KESEHATAN,KESEHATAN,DISINFORMASI (HOAKS),SEPTEMBER,6,ADUAN,2020
127,32,JAWA BARAT,FOTO PELAKU PENUSUKAN SYEKH ALI JABER DENGAN BENDERA PKI,POLITIK,"POLITIK,SARA",DISINFORMASI (HOAKS),SEPTEMBER,5,ADUAN,2020
128,32,JAWA BARAT,FOTO PENUSUK SYEKH ALI JABER MEMBAWA BENDERA TAUHID,POLITIK,SARA,DISINFORMASI (HOAKS),SEPTEMBER,4,ADUAN,2020
129,32,JAWA BARAT,PENDATAAN GURU HONORER DI JAWA BARAT YANG AKAN DAPAT BANSOS DARI KEMENSOS,HUKUM DAN REGULASI,HUKUM DAN REGULASI,DISINFORMASI (HOAKS),SEPTEMBER,4,ADUAN,2020
130,32,JAWA BARAT,100 GB DATA INTERNET TANPA PENGISIAN ULANG APA PUN UNTUK QUARANTINE (CORONAVIRUS),KRIMINALITAS,KESEHATAN,DISINFORMASI (HOAKS),SEPTEMBER,3,ADUAN,2020
131,32,JAWA BARAT,"IMBAUAN BAGI MUI, PIMPINAN PONPES, ULAMA DAN TOKOH MASYARAKAT UNTUK TOLAK RENCANA VAKSINASI CORONA ASAL TIONGKOK KARENA MENGANDUNG BABI",KESEHATAN,SARA,DISINFORMASI (HOAKS),SEPTEMBER,3,ADUAN,2020
132,32,JAWA BARAT,PEMBACOKAN IMAM MESJID DI OKU SUMSEL,KRIMINALITAS,KRIMINALITAS,BENAR,SEPTEMBER,3,ADUAN,2020
133,32,JAWA BARAT,POTENSI TSUNAMI 20 MTER DIPREDIKSI AKAN TERJADI DI PANTAI SELATAN JAWA BARAT DAN TIMUR,PENDIDIKAN,BENCANA ALAM,BENAR,SEPTEMBER,3,ADUAN,2020
134,32,JAWA BARAT,TOKOPEDIA GELAR PROMOSI DATA INTERNET 100 GB TANPA ISI ULANG,KRIMINALITAS,KRIMINALITAS,DISINFORMASI (HOAKS),SEPTEMBER,3,ADUAN,2020
135,32,JAWA BARAT,"VIDEO BANJIR BANDANG 21 SEPTEMBER 2020 DI CICURUG SUKABUMI, HANYUTKAN RIBUAN RUMAH DAN MOBIL",BENCANA ALAM,BENCANA ALAM,DISINFORMASI (HOAKS),SEPTEMBER,3,ADUAN,2020
136,32,JAWA BARAT,DAFTAR PRAKERJA MELALUI SITUS HTTPS://PRAKERJA.VIP,HUKUM DAN REGULASI,HUKUM DAN REGULASI,DISINFORMASI (HOAKS),OKTOBER,67,ADUAN,2020
137,32,JAWA BARAT,PENYATAAN ALIANSI DOKTER DUNIA BAHWA COVID19 TIDAK BERBAHAYA,KESEHATAN,KESEHATAN,MISINFORMASI (HOAKS),OKTOBER,32,ADUAN,2020
138,32,JAWA BARAT,FAKTA BROADCAST 13 POINT UU CIPTA KERJA (OMNIBUS LAW),HUKUM DAN REGULASI,HUKUM DAN REGULASI,DISINFORMASI (HOAKS),OKTOBER,18,ADUAN,2020
139,32,JAWA BARAT,PEMERINTAH BERI INTERNET GRATIS AKIBAT CORONA VIRUS,KRIMINALITAS,TEKNOLOGI,DISINFORMASI (HOAKS),OKTOBER,16,ADUAN,2020
140,32,JAWA BARAT,VOUCHER GAS GRATIS SENILAI 600 RIBU UNTUK ISI BAHAN BAKAR,KRIMINALITAS,KRIMINALITAS,DISINFORMASI (HOAKS),OKTOBER,14,ADUAN,2020
141,32,JAWA BARAT,"MUI PUSAT HIMBAU KIYAI DAN USTADZ AGAR TOLAK RAPID TEST, KARENA ITU MODUS OPERANDI PKI",KESEHATAN,POLITIK,DISINFORMASI (HOAKS),OKTOBER,12,ADUAN,2020
142,32,JAWA BARAT,"BROADCAST BSSN AKAN REKAM TELEPON DAN PANTAU WA, TWITTER, FACEBOOK",KRIMINALITAS,KRIMINALITAS,DISINFORMASI (HOAKS),OKTOBER,7,ADUAN,2020
143,32,JAWA BARAT,PEMERINTAH SADAP TELEPON DAN MEDSOS SEMUA WARGA,HUKUM DAN REGULASI,HUKUM DAN REGULASI,DISINFORMASI (HOAKS),OKTOBER,7,ADUAN,2020
144,32,JAWA BARAT,POIN-POIN UU CIPTA KERJA YANG MENYENGSARAKAN DAN MEMBUNUH RAKYAT SENDIRI,HUKUM DAN REGULASI,HUKUM DAN REGULASI,DISINFORMASI (HOAKS),OKTOBER,7,ADUAN,2020
145,32,JAWA BARAT,SIMPAN NOMER WA +62 8999900411 UNTUK MEMPERMUDAH MENCARI KALIMAT DALAM KITAB AL QURAN,TEKNOLOGI,SARA,BENAR,OKTOBER,7,ADUAN,2020
146,32,JAWA BARAT,ACARA DEMO OMNIBUS LAW DI ISTANA PRESIDEN HINGGA JOKOWI LENGSER,POLITIK,HUKUM DAN REGULASI,DISINFORMASI (HOAKS),OKTOBER,6,ADUAN,2020
147,32,JAWA BARAT,PERNYATAAN ALIANSI DOKTER LINTAS NEGARA EROPA : COVID19 TIDAK BERBAHAYA,KESEHATAN,KESEHATAN,MISINFORMASI (HOAKS),OKTOBER,5,ADUAN,2020
148,32,JAWA BARAT,RAYAKAN ULANG TAHUN KFC TAWARKAN 3000 SNACK BUCKET UNTUK SEMUA ORANG,KRIMINALITAS,KRIMINALITAS,DISINFORMASI (HOAKS),OKTOBER,5,ADUAN,2020
149,32,JAWA BARAT,SINOVAC YANG AKAN DIVAKSINKAN KE 175 JUTA RAKYAT INDONESIA TERNYATA VAKSIN BERBAHAYA,KESEHATAN,KESEHATAN,MISINFORMASI (HOAKS),OKTOBER,5,ADUAN,2020
150,32,JAWA BARAT,BIAYA TILANG TERBARU DI INDONESIA : KAPOLRI BARU MANTAP,HUKUM DAN REGULASI,HUKUM DAN REGULASI,DISINFORMASI (HOAKS),OKTOBER,4,ADUAN,2020
151,32,JAWA BARAT,VIDEO BOLA MATA JENAZAH DIDUGA PASIEN COVID19 DI PROBOLINGGO HILANG,KESEHATAN,KESEHATAN,DISINFORMASI (HOAKS),NOVEMBER,8,ADUAN,2020
152,32,JAWA BARAT,DAFTAR PRAKERJA MELALUI SITUS HTTPS://PRAKERJA.VIP,HUKUM DAN REGULASI,HUKUM DAN REGULASI,DISINFORMASI (HOAKS),NOVEMBER,5,ADUAN,2020
153,32,JAWA BARAT,IMBAUAN DISDUKCAPIL BANDUNG TENTANG KASUS PENYALAHGUNAAN KTP,KRIMINALITAS,KRIMINALITAS,DISINFORMASI (HOAKS),NOVEMBER,4,ADUAN,2020
154,32,JAWA BARAT,KOREA SELATAN KELABAKAN LIHAT WARGANYA MENINGGAL SATU PERSATU USAI DISUNTIK VAKSIN,KESEHATAN,KESEHATAN,DISINFORMASI (HOAKS),NOVEMBER,4,ADUAN,2020
155,32,JAWA BARAT,LEWAT AKHIR TAHUN 2020 PENUKARAN TABUNG GAS ELPIJI BIRU 12 KG KE WARNA PINK BERBIAYA 500 RIBU,HUKUM DAN REGULASI,HUKUM DAN REGULASI,DISINFORMASI (HOAKS),NOVEMBER,4,ADUAN,2020
156,32,JAWA BARAT,RAZIA MASKER SERENTAK DAN AKAN KENA DENDA 250RB,HUKUM DAN REGULASI,KESEHATAN,DISINFORMASI (HOAKS),NOVEMBER,3,ADUAN,2020
157,32,JAWA BARAT,VIDEO WEJANGAN BUPATI SITUBONDO BEBERAPA JAM SEBELUM WAFAT,FIGUR,FIGUR,DISINFORMASI (HOAKS),NOVEMBER,3,ADUAN,2020
158,32,JAWA BARAT,DAPATKAN UANG 200 RIBU DAN BONUS TAMBAHAN DENGAN BERGABUNG DI BUZZBREAK,TEKNOLOGI,TEKNOLOGI,BENAR,NOVEMBER,2,ADUAN,2020
159,32,JAWA BARAT,"EVENT LAZADA SHARE POCKET, DAPATKAN CREDIT BELANJA SEBESAR RP150.000",TEKNOLOGI,TEKNOLOGI,BENAR,NOVEMBER,2,ADUAN,2020
160,32,JAWA BARAT,"HATI-HATI, BEBERAPA WARGA KOTA BANDUNG TERPAPAR COVID-19, SEBAGIAN MENINGGAL DUNIA",KESEHATAN,KESEHATAN,MISINFORMASI (HOAKS),NOVEMBER,2,ADUAN,2020
161,32,JAWA BARAT,INDOMARET BAGIKAN 5000 VOUCHER GRATIS SENILAI RP 2 JUTA,KRIMINALITAS,KRIMINALITAS,DISINFORMASI (HOAKS),NOVEMBER,2,ADUAN,2020
162,32,JAWA BARAT,"INFO AKAN ADA RAZIA GABUNGAN BESOK, KADAPATAN TAK PAKAI MASKER LANGSUNG DIDENDA RP 250.000",HUKUM DAN REGULASI,HUKUM DAN REGULASI,DISINFORMASI (HOAKS),NOVEMBER,2,ADUAN,2020
163,32,JAWA BARAT,MEDIA AUSTRALIA MENYEBUT HRS MANTAN BURONAN PORNOGRAFI BALIK KE INDONESIA UNTUK LUNCURKAN REVOLUSI MORAL,FIGUR,FIGUR,BENAR,NOVEMBER,2,ADUAN,2020
164,32,JAWA BARAT,RAYAKAN ULANG TAHUN KFC TAWARKAN 3000 SNACK BUCKET UNTUK SEMUA ORANG,KRIMINALITAS,KRIMINALITAS,DISINFORMASI (HOAKS),NOVEMBER,2,ADUAN,2020
165,32,JAWA BARAT,5 DOKTER MENINGGAL DUNIA KARENA COVID-19 PADA 18 NOVEMBER 2020,KESEHATAN,KESEHATAN,DISINFORMASI (HOAKS),NOVEMBER,1,ADUAN,2020
166,32,JAWA BARAT,PENDAFTARAN INTERNET GRATIS 50 GB GELOMBANG KE-2,EKONOMI,EKONOMI,DISINFORMASI (HOAKS),DESEMBER,16,ADUAN,2020
167,32,JAWA BARAT,PENDAFTARAN SUBSIDI KUOTA INTERNET SEBESAR 35 GIGABYTE,KRIMINALITAS,KRIMINALITAS,DISINFORMASI (HOAKS),DESEMBER,14,ADUAN,2020
168,32,JAWA BARAT,"BROADCAST BSSN AKAN REKAM TELEPON DAN PANTAU WA, TWITTER, FACEBOOK",KRIMINALITAS,KRIMINALITAS,DISINFORMASI (HOAKS),DESEMBER,13,ADUAN,2020
169,32,JAWA BARAT,"TEMPAT TIDUR PASIEN COVID-19 DI BEBERAPA RS KOTA BANDUNG PENUH, KONSUMSI MAKANAN ALKALI DENGAN PH LEBIH TINGGI BISA BUNUH VIRUS COVID-19",KESEHATAN,KESEHATAN,MISINFORMASI (HOAKS),DESEMBER,12,ADUAN,2020
170,32,JAWA BARAT,"BIMA ARYA GELAR RAZIA GDS, SISWA YANG TERJARING DIBERI SANKSI MENYEMPROT LINGKUNGAN DENGAN RADIUS 1000 METER",HUKUM DAN REGULASI,HUKUM DAN REGULASI,DISINFORMASI (HOAKS),DESEMBER,8,ADUAN,2020
171,32,JAWA BARAT,JOKOWI TAK MAU DISUNTIK VAKSIN DULUAN,FIGUR,FIGUR,DISINFORMASI (HOAKS),DESEMBER,4,ADUAN,2020
172,32,JAWA BARAT,KONSUMSI MAKANAN ALKALI DENGAN PH LEBIH TINGGI BISA BUNUH VIRUS COVID-19,KESEHATAN,KESEHATAN,MISINFORMASI (HOAKS),DESEMBER,4,ADUAN,2020
173,32,JAWA BARAT,KUOTA BELAJAR TELKOMSEL 10GB HARGA RP10,PENDIDIKAN,PENDIDIKAN,BENAR,DESEMBER,4,ADUAN,2020
174,32,JAWA BARAT,DAFTAR PRAKERJA MELALUI SITUS HTTPS://PRAKERJA.VIP,HUKUM DAN REGULASI,HUKUM DAN REGULASI,DISINFORMASI (HOAKS),DESEMBER,3,ADUAN,2020
175,32,JAWA BARAT,KABAR BAIK!!! SEMANGKUK AIR BAWANG PUTIH YANG BARU DIREBUS DAPAT SEMBUHKAN VIRUS CORONA,KESEHATAN,KESEHATAN,MISINFORMASI (HOAKS),DESEMBER,3,ADUAN,2020
176,32,JAWA BARAT,KUOTA INTERNET 100 GB GRATIS TANPA ISI ULANG KARENA PANDEMI COVID19,TEKNOLOGI,TEKNOLOGI,DISINFORMASI (HOAKS),DESEMBER,3,ADUAN,2020
177,32,JAWA BARAT,TKW ASAL MADIUN SETENGAH LUMPUH SETELAH DISUNTIK VAKSIN,KESEHATAN,KESEHATAN,MISINFORMASI (HOAKS),DESEMBER,3,ADUAN,2020
178,32,JAWA BARAT,VOUCHER TAHUN BARU BERHADIAH DARI ALFAMART,KRIMINALITAS,KRIMINALITAS,DISINFORMASI (HOAKS),DESEMBER,3,ADUAN,2020
179,32,JAWA BARAT,ALFAMART TAWARKAN VOUCHER RP 800.000 UNTUK SEMUA ORANG,KRIMINALITAS,KRIMINALITAS,DISINFORMASI (HOAKS),DESEMBER,2,ADUAN,2020
180,32,JAWA BARAT,"BUKTI KOMNAS HAM SUDAH LENGKAP, 100 JUTA UNTUK TUTUP MULUT KELUARGA LASKAR",HUKUM DAN REGULASI,SARA,DISINFORMASI (HOAKS),DESEMBER,2,ADUAN,2020
181,32,JAWA BARAT,STATUS BERLOGO WHATSAPP ADALAH PENIPUAN UNTUK ALIHKAN DATA PRIBADI DAN REKENING BANK,TEKNOLOGI,TEKNOLOGI,DISINFORMASI (HOAKS),JANUARI,25,ADUAN,2021
182,32,JAWA BARAT,SUBSIDI KUOTA INTERNET 75GB,KRIMINALITAS,KRIMINALITAS,DISINFORMASI (HOAKS),JANUARI,24,ADUAN,2021
183,32,JAWA BARAT,CAIRAN VAKSIN TIDAK MASUK KE TUBUH JOKOWI,KESEHATAN,KESEHATAN,DISINFORMASI (HOAKS),JANUARI,13,ADUAN,2021
184,32,JAWA BARAT,BANTUAN SOSIAL FINANSIAL RP. 3.550.000 BAGI YANG KERJA TAHUN 2000 DAN 2021,KRIMINALITAS,KRIMINALITAS,DISINFORMASI (HOAKS),JANUARI,9,ADUAN,2021
185,32,JAWA BARAT,"KORBAN BERGELIMPANGAN, RATUSAN WARGA TERKAPAR USAI DISUNTIK SINOVAC",KESEHATAN,KESEHATAN,DISINFORMASI (HOAKS),JANUARI,9,ADUAN,2021
186,32,JAWA BARAT,DAFTAR PRAKERJA MELALUI SITUS HTTPS://PRAKERJA.VIP,HUKUM DAN REGULASI,HUKUM DAN REGULASI,DISINFORMASI (HOAKS),JANUARI,7,ADUAN,2021
187,32,JAWA BARAT,LINK PENDAFTARAN KARTU PRAKERJA GELOMBANG 12,HUKUM DAN REGULASI,KRIMINALITAS,DISINFORMASI (HOAKS),JANUARI,7,ADUAN,2021
188,32,JAWA BARAT,VIDEO SEORANG PRIA PINGSAN SESUDAH DISUNTIK VAKSIN,KESEHATAN,KESEHATAN,MISINFORMASI (HOAKS),JANUARI,7,ADUAN,2021
189,32,JAWA BARAT,BRIGJEN HENDRA KURNIAWAN ADALAH ANAK KANDUNG PRESIDEN CINA XI JINPING,FIGUR,FIGUR,DISINFORMASI (HOAKS),JANUARI,6,ADUAN,2021
190,32,JAWA BARAT,KASDIM 0817 GRESIK MAYOR SUGENG RIYADI MENINGGAL AKIBAT SIANGNYA DISUNTIK VAKSIN,KESEHATAN,KESEHATAN,DISINFORMASI (HOAKS),JANUARI,6,ADUAN,2021
191,32,JAWA BARAT,"WASPADA POTENSI GEMPA AKIBAT SESAR LEMBANG BANDUNG, BMKG TEKANKAN PENTINGNYA MITIGASI",BENCANA ALAM,BENCANA ALAM,BENAR,JANUARI,6,ADUAN,2021
192,32,JAWA BARAT,"BROADCAST BSSN AKAN REKAM TELEPON DAN PANTAU WA, TWITTER, FACEBOOK",HUKUM DAN REGULASI,HUKUM DAN REGULASI,DISINFORMASI (HOAKS),JANUARI,5,ADUAN,2021
193,32,JAWA BARAT,CARA CEK CALON PENERIMA VAKSIN COVID19 GRATIS MELALUI WEBSITE PEDULILINDUNGI.ID,KESEHATAN,KESEHATAN,BENAR,JANUARI,5,ADUAN,2021
194,32,JAWA BARAT,LINK PENDAFTARAN BANPRES UMKM TAHAP II,HUKUM DAN REGULASI,HUKUM DAN REGULASI,DISINFORMASI (HOAKS),JANUARI,5,ADUAN,2021
195,32,JAWA BARAT,PULUHAN SANTRI KERACUNAN AKIBAT VAKSIN COVID-19,KESEHATAN,KESEHATAN,DISINFORMASI (HOAKS),JANUARI,5,ADUAN,2021
196,32,JAWA BARAT,"KOMINFO BANTUAN PULSA 200RB DAN KUOTA 75GB UNTUK DOSEN, GURU, SISWA, MAHASISWA SELAMA MASA PANDEMI",KRIMINALITAS,TEKNOLOGI,DISINFORMASI (HOAKS),FEBRUARI,24,ADUAN,2021
197,32,JAWA BARAT,LINK PENDAFTARAN KARTU PRAKERJA GELOMBANG 12,KRIMINALITAS,KRIMINALITAS,DISINFORMASI (HOAKS),FEBRUARI,20,ADUAN,2021
198,32,JAWA BARAT,PESAN BERANTAI BERISI INFORMASI PENDAFTARAN VAKSINASI COVID-19 UNTUK LANSIA,KESEHATAN,KESEHATAN,MISINFORMASI (HOAKS),FEBRUARI,8,ADUAN,2021
199,32,JAWA BARAT,JOKOWI BUKA PINTU IZIN INVESTASI UNTUK INDUSTRI MIRAS BESAR SAMPAI ECERAN,HUKUM DAN REGULASI,EKONOMI,BENAR,FEBRUARI,7,ADUAN,2021
200,32,JAWA BARAT,BIAYA TILANG TERBARU DI INDONESIA : KAPOLRI BARU MANTAP,HUKUM DAN REGULASI,HUKUM DAN REGULASI,DISINFORMASI (HOAKS),FEBRUARI,5,ADUAN,2021
201,32,JAWA BARAT,"KEMENDIKBUD BANTUAN PULSA 200RB DAN KUOTA 75GB UNTUK DOSEN, GURU, SISWA, MAHASISWA SELAMA MASA PANDEMI",KRIMINALITAS,KESEHATAN,DISINFORMASI (HOAKS),FEBRUARI,5,ADUAN,2021
202,32,JAWA BARAT,"INDUSTRI ARAK HINGGA TUAK DISAHKAN, GUBERNUR BALI TERIMA KASIH KEPADA PRESIDEN JOKOWI",HUKUM DAN REGULASI,HUKUM DAN REGULASI,BENAR,FEBRUARI,3,ADUAN,2021
203,32,JAWA BARAT,ITALY TELAH MELAKUKAN PROSES BEDAH MAYAT TERHADAP PASIEN CORONA YANG TELAH MENINGGAL,KESEHATAN,KESEHATAN,DISINFORMASI (HOAKS),FEBRUARI,3,ADUAN,2021
204,32,JAWA BARAT,SMS PEMBERITAHUAN PENERIMA DANA BANTUAN DARI KANTOR BPJS PUSAT,"HUKUM DAN REGULASI,KRIMINALITAS","KESEHATAN,KRIMINALITAS",DISINFORMASI (HOAKS),FEBRUARI,3,ADUAN,2021
205,32,JAWA BARAT,UANG REDENOMINASI PECAHAN RP 100 BERGAMBAR JOKOWI,HUKUM DAN REGULASI,HUKUM DAN REGULASI,DISINFORMASI (HOAKS),FEBRUARI,3,ADUAN,2021
206,32,JAWA BARAT,AL-QURAN PALSU KEMBALI BEREDAR,SARA,SARA,DISINFORMASI (HOAKS),FEBRUARI,2,ADUAN,2021
207,32,JAWA BARAT,ARAB SAUDI TOLAK JEMAAH HAJI INDONESIA KARENA BELUM BAYAR AKOMODASI,HUKUM DAN REGULASI,SARA,DISINFORMASI (HOAKS),FEBRUARI,2,ADUAN,2021
208,32,JAWA BARAT,BANTUAN SOSIAL FINANSIAL RP. 3.550.000 BAGI YANG KERJA TAHUN 2000 DAN 2021,KRIMINALITAS,KRIMINALITAS,DISINFORMASI (HOAKS),FEBRUARI,2,ADUAN,2021
209,32,JAWA BARAT,"BENDUNGAN WALAHAR AIRNYA MELUAP, YANG DI KARAWANG SIAP-SIAP",BENCANA ALAM,BENCANA ALAM,DISINFORMASI (HOAKS),FEBRUARI,2,ADUAN,2021
210,32,JAWA BARAT,"JOKOWI LEGALKAN MIRAS HINGGA KELAS ECERAN, KETUM MUHAMMADIYAH: BANGSA KITA SUDAH KEHILANGAN ARAH",HUKUM DAN REGULASI,EKONOMI,BENAR,FEBRUARI,2,ADUAN,2021
211,32,JAWA BARAT,TUJUH PENUMPANG LION AIR RUTE TIONGKOK - MANADO TERINFEKSI VIRUS CORONA,MISINFORMASI (HOAKS),0,0,FEBRUARI,4,ADUAN,2021
212,32,JAWA BARAT,BPJS KESEHATAN SALURKAN BANSOS FINANSIAL BAGI YANG BEKERJA ANTARA TAHUN 2000 DAN 2021,KRIMINALITAS,KRIMINALITAS,DISINFORMASI (HOAKS),MARET,23,ADUAN,2021
213,32,JAWA BARAT,SUBSIDI PULSA 200 RIBU DAN KUOTA 50 GB KEMENDIKBUD DIPERPANJANG LAGI,KRIMINALITAS,TEKNOLOGI,DISINFORMASI (HOAKS),MARET,11,ADUAN,2021
214,32,JAWA BARAT,JOKOWI BUKA PINTU IZIN INVESTASI UNTUK INDUSTRI MIRAS BESAR SAMPAI ECERAN,HUKUM DAN REGULASI,EKONOMI,BENAR,MARET,10,ADUAN,2021
215,32,JAWA BARAT,SANKSI MUDIK,HUKUM DAN REGULASI,TRANSPORTASI,DISINFORMASI (HOAKS),MARET,9,ADUAN,2021
216,32,JAWA BARAT,GURU DI SUKABUMI JADI SASARAN KEMARAHAN PERANGKAT DESA GEGARA POSTING JALAN RUSAK,INFRASTRUKTUR,INFRASTRUKTUR,BENAR,MARET,5,ADUAN,2021
217,32,JAWA BARAT,"KEMENDIKBUD BANTUAN PULSA 200RB DAN KUOTA 75GB UNTUK DOSEN, GURU, SISWA, MAHASISWA SELAMA MASA PANDEMI",KRIMINALITAS,KESEHATAN,DISINFORMASI (HOAKS),MARET,5,ADUAN,2021
218,32,JAWA BARAT,TILANG ELEKTRONIK BERLAKU MULAI MARET 2021,HUKUM DAN REGULASI,TRANSPORTASI,BENAR,MARET,5,ADUAN,2021
219,32,JAWA BARAT,VAKSINASI COVID-19 UNTUK LANSIA (USIA DIATAS 60) BISA TANPA ONLINE LANGSUNG DATANG KE LOKASI,KESEHATAN,KESEHATAN,DISINFORMASI (HOAKS),MARET,5,ADUAN,2021
220,32,JAWA BARAT,GURU HONORER DI LELES GARUT JADI LUMPUH SETELAH MENDAPAT VAKSIN KEDUA,KESEHATAN,KESEHATAN,MISINFORMASI (HOAKS),MARET,4,ADUAN,2021
221,32,JAWA BARAT,IMBAUAN DISDUKCAPIL BANDUNG TENTANG KASUS PENYALAHGUNAAN KTP,KRIMINALITAS,KRIMINALITAS,DISINFORMASI (HOAKS),MARET,3,ADUAN,2021
222,32,JAWA BARAT,KFC SEDIAKAN HADIAH BUCKET AYAM DI PERINGATAN HARI PEREMPUAN INTERNASIONAL 2021,KRIMINALITAS,KRIMINALITAS,DISINFORMASI (HOAKS),MARET,3,ADUAN,2021
223,32,JAWA BARAT,"MUAL HINGGA BENGKAK, WARTAWAN JAWA POS TV DILARIKAN KE IGD PASCA DIVAKSIN SINOVAC",KESEHATAN,KESEHATAN,BENAR,MARET,3,ADUAN,2021
224,32,JAWA BARAT,FOTO BOTOL MIRAS DENGAN LABEL HALAL,HUKUM DAN REGULASI,HUKUM DAN REGULASI,DISINFORMASI (HOAKS),MARET,2,ADUAN,2021
225,32,JAWA BARAT,"DIRUT VIVA COSMETIC SURABAYA, PAK SUSANTO MENINGGAL 3 HARI KEMUDIAN DI RS RKZ KARENA COVID SETELAH VAKSIN PERTAMA",KESEHATAN,KESEHATAN,DISINFORMASI (HOAKS),MARET,2,ADUAN,2021
226,32,JAWA BARAT,JUAL MINUMAN KERAS HUKUMNYA BOLEH UNTUK MEMBANTU KAS NEGARA,HUKUM DAN REGULASI,HUKUM DAN REGULASI,DISINFORMASI (HOAKS),MARET,2,ADUAN,2021
227,32,JAWA BARAT,SUBSIDI PULSA 200 RIBU DAN KUOTA 95 GB KEMENDIKBUD RI,KRIMINALITAS,TEKNOLOGI,DISINFORMASI (HOAKS),APRIL,13,ADUAN,2021
228,32,JAWA BARAT,RILIS NAMA-NAMA DOKTER YANG WAFAT DI HARI YANG SAMA KARENA COVID19,KESEHATAN,KESEHATAN,MISINFORMASI (HOAKS),APRIL,11,ADUAN,2021
229,32,JAWA BARAT,VIDEO CACING DI MASKER IMPOR ASAL CHINA,KESEHATAN,KESEHATAN,DISINFORMASI (HOAKS),APRIL,7,ADUAN,2021
230,32,JAWA BARAT,BANTUAN SOSIAL FINANSIAL BRI RP. 5.500.000,KRIMINALITAS,TEKNOLOGI,DISINFORMASI (HOAKS),APRIL,6,ADUAN,2021
231,32,JAWA BARAT,POSTINGAN STATUS AKUN YANG DIHACK,KRIMINALITAS,TEKNOLOGI,BENAR,APRIL,5,ADUAN,2021
232,32,JAWA BARAT,BANTUAN SOSIAL FINANSIAL BJB RP. 5.500.000,KRIMINALITAS,TEKNOLOGI,DISINFORMASI (HOAKS),APRIL,4,ADUAN,2021
233,32,JAWA BARAT,CARA MENDAPATKAN SUBSIDI LISTRIK PLN DENGAN KLIK TAUTAN INI,KRIMINALITAS,TEKNOLOGI,DISINFORMASI (HOAKS),APRIL,4,ADUAN,2021
234,32,JAWA BARAT,GURU SUKABUMI LUMPUH USAI VAKSIN COVID-19 DOSIS 2,KESEHATAN,KESEHATAN,BENAR,APRIL,4,ADUAN,2021
235,32,JAWA BARAT,LINK ULTAH INDOMIE KE-60 BERHADIAH 1000 SMARTWATCH,KRIMINALITAS,TEKNOLOGI,DISINFORMASI (HOAKS),APRIL,4,ADUAN,2021
236,32,JAWA BARAT,LINK ULTAH TELKOMSEL KE-60 BERHADIAH 1000 SMARTWATCH,KRIMINALITAS,TEKNOLOGI,DISINFORMASI (HOAKS),APRIL,4,ADUAN,2021
237,32,JAWA BARAT,ANGGOTA BRIMOB MALUKU MENINGGAL DUNIA SETELAH DIVAKSIN ASTRAZENECA,KESEHATAN,KESEHATAN,DISINFORMASI (HOAKS),APRIL,3,ADUAN,2021
238,32,JAWA BARAT,CINA TELAH MENYEBAR PENYAKIT LEWAT MASKER BARU YANG MASUK KE INDONESIA,KESEHATAN,KESEHATAN,DISINFORMASI (HOAKS),APRIL,3,ADUAN,2021
239,32,JAWA BARAT,FOTO KARTINI MEMAKAI HIJAB,FIGUR,SARA,DISINFORMASI (HOAKS),APRIL,3,ADUAN,2021
240,32,JAWA BARAT,LINK ULTAH INDOFOOD KE-50 BERHADIAH 1000 SMARTWATCH,KRIMINALITAS,TEKNOLOGI,DISINFORMASI (HOAKS),APRIL,3,ADUAN,2021
241,32,JAWA BARAT,RATUSAN WN INDIA MASUK INDONESIA KE INDONESIA DI SAAT COVID-19 MEROKET DI INDIA,KESEHATAN,HUKUM DAN REGULASI,BENAR,APRIL,3,ADUAN,2021
242,32,JAWA BARAT,"PULUHAN WARGA CHINA TIBA DI BANDARA SOETTA SELASA (4/5) SORE, LANGSUNG DIJEMPUT BUS",HUKUM DAN REGULASI,SARA,BENAR,MEI,8,ADUAN,2021
243,32,JAWA BARAT,LINK SUBSIDI PULSA 200 RIBU DAN KUOTA 125 GB KEMENDIKBUD,KRIMINALITAS,TEKNOLOGI,DISINFORMASI (HOAKS),MEI,6,ADUAN,2021
244,32,JAWA BARAT,RUSIA TIDAK MENEMUKAN VIRUS DARI HASIL OTOPSI JENAZAH COVID-19,KESEHATAN,KESEHATAN,DISINFORMASI (HOAKS),MEI,6,ADUAN,2021
245,32,JAWA BARAT,YANG SUDAH DIVAKSIN SIAP-SIAP MATI DINI DALAM JANGKA WAKTU 2 TAHUN,KESEHATAN,KESEHATAN,DISINFORMASI (HOAKS),MEI,6,ADUAN,2021
246,32,JAWA BARAT,GURU SUKABUMI LUMPUH USAI VAKSIN COVID-19 DOSIS 2,KESEHATAN,KESEHATAN,BENAR,MEI,5,ADUAN,2021
247,32,JAWA BARAT,"PENYEKATAN MUDIK DI PERBATASAN BEKASI-BOGOR, TAK TANGGUNG- TANGGUNG TNI NURUNIN TANK BAJA",HUKUM DAN REGULASI,POLITIK,DISINFORMASI (HOAKS),MEI,5,ADUAN,2021
248,32,JAWA BARAT,BENDA BERMAGNET BISA MENEMPEL DI LENGAN PENERIMA VAKSIN CORONA,KESEHATAN,KESEHATAN,DISINFORMASI (HOAKS),MEI,4,ADUAN,2021
249,32,JAWA BARAT,TULISAN ILMIAH IDI : COVID-19 ADALAH PENGELABUAN DAN PEMBODOHAN GLOBAL,KESEHATAN,KESEHATAN,DISINFORMASI (HOAKS),MEI,4,ADUAN,2021
250,32,JAWA BARAT,"CAMPURAN KELAPA MUDA, JERUK NIPIS, GARAM DAN MADU LENYAPKAN VIRUS CORONA",KESEHATAN,KESEHATAN,DISINFORMASI (HOAKS),MEI,3,ADUAN,2021
251,32,JAWA BARAT,GALANG DANA UNTUK PALESTINA,KRIMINALITAS,KRIMINALITAS,BENAR,MEI,3,ADUAN,2021
252,32,JAWA BARAT,LINK ULTAH COFFESHOP JANJI JIWA KE-30 BERHADIAH 1000 SMARTWATCH,KRIMINALITAS,TEKNOLOGI,DISINFORMASI (HOAKS),MEI,3,ADUAN,2021
253,32,JAWA BARAT,PDIP USUL KE PEMERINTAH AGAR SELURUH PESANTREN DI INDONESIA DITUTUP,POLITIK,SARA,DISINFORMASI (HOAKS),MEI,3,ADUAN,2021
254,32,JAWA BARAT,PENGGUNAAN MASKER SEBABKAN MANUSIA KERACUNAN CO2,KESEHATAN,KESEHATAN,DISINFORMASI (HOAKS),MEI,3,ADUAN,2021
255,32,JAWA BARAT,"VIDEO MOBIL IRINGAN-IRINGAN JOKOWI MUDIK, RI 1 PULANG KAMPUNG",HUKUM DAN REGULASI,FIGUR,DISINFORMASI (HOAKS),MEI,3,ADUAN,2021
256,32,JAWA BARAT,7 BUMN BAKAL DIBUBARKAN. PLN DLM TAHAP RESTRUKTURISASI,HUKUM DAN REGULASI,HUKUM DAN REGULASI,DISINFORMASI (HOAKS),MEI,2,ADUAN,2021
257,32,JAWA BARAT,LINK BANTUAN UMKM BRI TAHAP 3 SEBESAR RP 2.100.000,KRIMINALITAS,TEKNOLOGI,DISINFORMASI (HOAKS),JUNI,14,ADUAN,2021
258,32,JAWA BARAT,"CAMPURAN KELAPA MUDA, JERUK NIPIS, GARAM DAN MADU LENYAPKAN VIRUS CORONA",KESEHATAN,KESEHATAN,DISINFORMASI (HOAKS),JUNI,10,ADUAN,2021
259,32,JAWA BARAT,RUSIA TIDAK MENEMUKAN VIRUS DARI HASIL OTOPSI JENAZAH COVID-19,KESEHATAN,KESEHATAN,DISINFORMASI (HOAKS),JUNI,9,ADUAN,2021
260,32,JAWA BARAT,RSHS DAN BEBERAPA RUMAH SAKIT DI BANDUNG DIPENUHI PASIEN COVID-19 DAN BANYAK YANG MENINGGAL DI UGD,KESEHATAN,KESEHATAN,DISINFORMASI (HOAKS),JUNI,8,ADUAN,2021
261,32,JAWA BARAT,"700 LEBIH JENAZAH DIMAKAMAKAN SECARA COVID-19, TERNYATA HASIL SWAB NEGATIF",KESEHATAN,HUKUM DAN REGULASI,BENAR,JUNI,6,ADUAN,2021
262,32,JAWA BARAT,DR. SITI FADILAH (MANTAN MENKES) DAN NIDOM : GAGALKAH HERD IMUNITY ?,KESEHATAN,KESEHATAN,BENAR,JUNI,6,ADUAN,2021
263,32,JAWA BARAT,LINK SUBSIDI PULSA 200 RIBU DAN KUOTA 125 GB KEMENDIKBUD,KRIMINALITAS,TEKNOLOGI,DISINFORMASI (HOAKS),JUNI,6,ADUAN,2021
264,32,JAWA BARAT,SURAT EDARAN DIRJEN PELAYANAN KESEHATAN TENTANG PEMANFAATAN OBAT TRADISIONAL UNTUK PEMELIHARAAN KESEHATAN,KESEHATAN,KESEHATAN,BENAR,JUNI,6,ADUAN,2021
265,32,JAWA BARAT,INFO VAKSINASI COVID-19 DI PUSSENIF PPI SUPRATMAN BANDUNG,KESEHATAN,KESEHATAN,DISINFORMASI (HOAKS),JUNI,4,ADUAN,2021
266,32,JAWA BARAT,SURAT KLARIFIKASI KUOTA HAJI INDONESIA DARI KEDUTAAN ARAB SAUDI,HUKUM DAN REGULASI,SARA,BENAR,JUNI,4,ADUAN,2021
267,32,JAWA BARAT,VIDEO PASIEN COVID KEHABISAN RUANGAN DI RS BEKASI DAN TERLANTAR DI PARKIRAN,KESEHATAN,KESEHATAN,BENAR,JUNI,4,ADUAN,2021
268,32,JAWA BARAT,AKUN WHATSAPP MENCATUT FOTO DAN NAMA ABDY YUHANA ANGGOTA DPRD JAWA BARAT,FIGUR,KRIMINALITAS,DISINFORMASI (HOAKS),JUNI,3,ADUAN,2021
269,32,JAWA BARAT,ARTIKEL MENGATASNAMAKAN BRIGJEN TNI (PURN) DR. MARDJO SUBIANDONO AJAK WARGA BANGUN OPTIMISME HADAPI COVID 19,KESEHATAN,FIGUR,DISINFORMASI (HOAKS),JUNI,3,ADUAN,2021
270,32,JAWA BARAT,JADWAL PELAKSANAAN VAKISNASI COVID19 DI KOTA BANDUNG,KESEHATAN,KESEHATAN,BENAR,JUNI,3,ADUAN,2021
271,32,JAWA BARAT,PELAKSANAAN VAKSINASI DI GRAND BALLROOM SUDIRMAN BANDUNG BANYAK YANG TERPAPAR COVID-19,KESEHATAN,KESEHATAN,MISINFORMASI (HOAKS),JUNI,3,ADUAN,2021
272,32,JAWA BARAT,LINK BANTUAN SOSIAL TUNAI PPKM DARURAT,HUKUM DAN REGULASI,KESEHATAN,DISINFORMASI (HOAKS),JULI,37,ADUAN,2021
273,32,JAWA BARAT,PENUTUPAN SPBU SEMENTARA 12 JULI 2021-17 JULI 2021,HUKUM DAN REGULASI,KESEHATAN,DISINFORMASI (HOAKS),JULI,17,ADUAN,2021
274,32,JAWA BARAT,VIDEO ALAT UJI SWAB ANTIGEN DI TETES AIR KERAN HASILNYA POSITIF COVID,KESEHATAN,TEKNOLOGI,DISINFORMASI (HOAKS),JULI,8,ADUAN,2021
275,32,JAWA BARAT,MANTAN MENKES SITI FADILAH SUDAH SERING KENA COVID-19 SEJAK DULU,KESEHATAN,FIGUR,DISINFORMASI (HOAKS),JULI,6,ADUAN,2021
276,32,JAWA BARAT,VIDEO BERITA DARI CNN INDONESIA POTENSI BAHAYA VAKSIN COVID - 19,KESEHATAN,KESEHATAN,BENAR,JULI,5,ADUAN,2021
277,32,JAWA BARAT,VIDEO JOKOWI DITENGAH KERUMUNAN WARGA TIONGKOK TANPA MEMAKAI MASKER,"KESEHATAN,POLITIK","KESEHATAN,POLITIK",DISINFORMASI (HOAKS),JULI,5,ADUAN,2021
278,32,JAWA BARAT,WARGA YANG MEMILIKI KARTU VAKSIN COVID-19 AKAN TERIMA BANTUAN KOMPENSASI PPKM SEBESAR 1 JUTA,KRIMINALITAS,KESEHATAN,DISINFORMASI (HOAKS),JULI,5,ADUAN,2021
279,32,JAWA BARAT,BANTUAN BEASISWA ANAK PEDAGANG KECIL TERDAMPAK PPKM DARURAT,KESEHATAN,EKONOMI,BENAR,JULI,4,ADUAN,2021
280,32,JAWA BARAT,CHINA MINTA PULAU KALIMANTAN SEBAGAI JAMINAN UTANG INDONESIA,POLITIK,SARA,MISINFORMASI (HOAKS),JULI,4,ADUAN,2021
281,32,JAWA BARAT,CORONA VIRUS TERTULIS DI BUKU PELAJARAN IPA TAHUN 2017,KESEHATAN,KESEHATAN,BENAR,JULI,4,ADUAN,2021
282,32,JAWA BARAT,"JIKA SEDANG FLU, JANGAN LAKUKAN SWAB TEST NANTI POSITIF COVID-19",KESEHATAN,KESEHATAN,MISINFORMASI (HOAKS),JULI,4,ADUAN,2021
283,32,JAWA BARAT,LINK SUBSIDI PULSA 250 RIBU DAN KUOTA 75 GB KEMENDIKBUD,KRIMINALITAS,KRIMINALITAS,DISINFORMASI (HOAKS),JULI,4,ADUAN,2021
284,32,JAWA BARAT,TANGGAL BERAKHIRNYA PROYEK KOPIT,KESEHATAN,EKONOMI,DISINFORMASI (HOAKS),JULI,4,ADUAN,2021
285,32,JAWA BARAT,TOLONG SEBARKAN BUAT BANTU PEDAGANG KECIL,KESEHATAN,EKONOMI,BENAR,JULI,4,ADUAN,2021
286,32,JAWA BARAT,YANG SUDAH DIVAKSIN SIAP-SIAP MATI DINI DALAM JANGKA WAKTU 2 TAHUN,KESEHATAN,KESEHATAN,DISINFORMASI (HOAKS),JULI,4,ADUAN,2021
287,32,JAWA BARAT,SURAT EDARAN DEWAN MASJID INDONESIA TENTANG SHOLAT JUM'AT DUA GELOMBANG GANJIL GENAP,HUKUM DAN REGULASI,SARA,BENAR,AGUSTUS,12,ADUAN,2021
288,32,JAWA BARAT,"PERINGATI HUT RI KE-76, KOMINFO BERIKAN KUOTA INTERNET GRATIS 150GB",EKONOMI,EKONOMI,DISINFORMASI (HOAKS),AGUSTUS,6,ADUAN,2021
289,32,JAWA BARAT,LINK BANTUAN SEBESAR RP 500.000 DARI KEMENTRIAN SOSIAL RI,KRIMINALITAS,KRIMINALITAS,DISINFORMASI (HOAKS),AGUSTUS,4,ADUAN,2021
290,32,JAWA BARAT,"CEGAH KEBOCORAN DATA, 2.453 PRODUK DAN JASA CETAK KARTU VAKSIN DIBLOKIR",HUKUM DAN REGULASI,TEKNOLOGI,BENAR,AGUSTUS,3,ADUAN,2021
291,32,JAWA BARAT,INFORMASI RAZIA ZEBRA SERENTAK DI KOTA BANDUNG TANGGAL 31 AGUSTUS 2021,HUKUM DAN REGULASI,TRANSPORTASI,DISINFORMASI (HOAKS),AGUSTUS,3,ADUAN,2021
292,32,JAWA BARAT,LINK SURVEY UNDIAN BERHADIAH DALAM RANGKA ULTAH HONDA KE-70,"KRIMINALITAS,TEKNOLOGI",TEKNOLOGI,DISINFORMASI (HOAKS),AGUSTUS,3,ADUAN,2021
293,32,JAWA BARAT,LOWONGAN KERJA MENJADI CREW RUNNER PON PAPUA 2021,KRIMINALITAS,OLAHRAGA,DISINFORMASI (HOAKS),AGUSTUS,3,ADUAN,2021
294,32,JAWA BARAT,PEMBERITAHUAN PENIPUAN PESAN SINGKAT BERISI FORMAT ISIAN KELUHAN DARI MASYARAKAT SETELAH DIVAKSIN,KESEHATAN,KESEHATAN,BENAR,AGUSTUS,3,ADUAN,2021
295,32,JAWA BARAT,PENCETAKAN KARTU VAKSIN MEMUNGKINKAN MELANGGAR HAK KONSUMEN,HUKUM DAN REGULASI,TEKNOLOGI,BENAR,AGUSTUS,3,ADUAN,2021
296,32,JAWA BARAT,PERUBAHAN HARI LIBUR NASIONAL DAN CUTI BERSAMA TAHUN 2021,HUKUM DAN REGULASI,HUKUM DAN REGULASI,BENAR,AGUSTUS,3,ADUAN,2021
297,32,JAWA BARAT,BANTUAN KUOTA DATA INTERNET KEMENDIKBUD TAHUN 2021 SUBSIDI PULSA 200 RIBU DAN KUOTA 50 GB,PENDIDIKAN,EKONOMI,DISINFORMASI (HOAKS),AGUSTUS,2,ADUAN,2021
298,32,JAWA BARAT,LINK SUBSIDI PULSA 200 RIBU DAN KUOTA 125 GB KEMENDIKBUD,KRIMINALITAS,TEKNOLOGI,DISINFORMASI (HOAKS),AGUSTUS,2,ADUAN,2021
299,32,JAWA BARAT,PEMBERITAHUAN BANTUAN KESEHATAN DAN MODAL USAHA DARI BPJS,HUKUM DAN REGULASI,KESEHATAN,DISINFORMASI (HOAKS),AGUSTUS,2,ADUAN,2021
300,32,JAWA BARAT,RI IMPOR CABE 27 RIBU TON CABE,HUKUM DAN REGULASI,PANGAN,BENAR,AGUSTUS,2,ADUAN,2021
301,32,JAWA BARAT,SUBSIDI PULSA 200 RIBU DAN KUOTA 50 GB KEMENDIKBUD DIPERPANJANG LAGI,KRIMINALITAS,TEKNOLOGI,DISINFORMASI (HOAKS),AGUSTUS,2,ADUAN,2021
302,32,JAWA BARAT,"RAYAKAN ULTAHNYA KE-120, BRI BAGIKAN HADIAH 2 JUTA RUPIAH LEWAT KUISIONER ONLINE",EKONOMI,KRIMINALITAS,DISINFORMASI (HOAKS),SEPTEMBER,9,ADUAN,2021
303,32,JAWA BARAT,LAYANAN INTERNET MATI TOTAL PADA 24 HINGGA 30 SEPTEMBER 2021,TEKNOLOGI,TEKNOLOGI,DISINFORMASI (HOAKS),SEPTEMBER,3,ADUAN,2021
304,32,JAWA BARAT,LINK DANA BANTUAN 150 JUTA BPJS KESEHATAN,KRIMINALITAS,KRIMINALITAS,DISINFORMASI (HOAKS),SEPTEMBER,3,ADUAN,2021
305,32,JAWA BARAT,LINK HADIAH RESMI 175 JUTA DARI WHATSAPP 2021,KRIMINALITAS,TEKNOLOGI,DISINFORMASI (HOAKS),SEPTEMBER,3,ADUAN,2021
306,32,JAWA BARAT,PENDAFTARAN VAKSIN NUSANTARA,KESEHATAN,KESEHATAN,DISINFORMASI (HOAKS),SEPTEMBER,3,ADUAN,2021
307,32,JAWA BARAT,RUMOR DOKTER PALSU SEBARKAN VIRUS AIDS DENGAN BERPURA-PURA MENGUKUR GULA DARAH SECARA GRATIS,KESEHATAN,KRIMINALITAS,DISINFORMASI (HOAKS),SEPTEMBER,3,ADUAN,2021
308,32,JAWA BARAT,FOTO PERBAIKAN KABEL INTERNET BAWAH LAUT INDIEHOME,0,0,0,SEPTEMBER,3,ADUAN,2021
309,32,JAWA BARAT,RILIS TERBARU WHO : RENTANG USIA PEMUDA ADALAH 18-65 TAHUN,TEKNOLOGI,TEKNOLOGI,DISINFORMASI (HOAKS),SEPTEMBER,2,ADUAN,2021
310,32,JAWA BARAT,SEJUMLAH NOMOR TELEPON LUAR NEGERI INI BISA SALIN DAFTAR KONTAK,FENOMENA,FENOMENA,DISINFORMASI (HOAKS),SEPTEMBER,2,ADUAN,2021
311,32,JAWA BARAT,SITUS PALSU MENGATASNAMAKAN PEDULILINDUNGI,TEKNOLOGI,KRIMINALITAS,DISINFORMASI (HOAKS),SEPTEMBER,2,ADUAN,2021
312,32,JAWA BARAT,SMS PEMBERITAHUAN PEMENANG UNDIAN KE-2 DARI PT SHOPEE SEBESAR RP 185 JUTA,KRIMINALITAS,TEKNOLOGI,DISINFORMASI (HOAKS),SEPTEMBER,2,ADUAN,2021
313,32,JAWA BARAT,19 AGUSTUS 2021 MASKAPAI BATIK AIR JEMPUT WNI YANG ADA DI AFGHANISTAN,EKONOMI,EKONOMI,DISINFORMASI (HOAKS),SEPTEMBER,2,ADUAN,2021
314,32,JAWA BARAT,"9 BULAN JADI MENAG, KEKAYAAN YAQUT MELESAT 1.000%",TRANSPORTASI,TRANSPORTASI,DISINFORMASI (HOAKS),SEPTEMBER,1,ADUAN,2021
315,32,JAWA BARAT,ADA VIDEO MENAG YAQUT CHOLIL QOUMAS DIBAPTIS PINDAH AGAMA,FIGUR,POLITIK,DISINFORMASI (HOAKS),SEPTEMBER,1,ADUAN,2021
316,32,JAWA BARAT,AJAKAN MENGINSTAL APLIKASI TRACETOGETHER UNTUK MENDUKUNG KEPUTUSAN KEMKOMINFO TENTANG UPAYA PENANGANAN COVID-19,FIGUR,SARA,DISINFORMASI (HOAKS),SEPTEMBER,1,ADUAN,2021
317,32,JAWA BARAT,HADIAH ULANG TAHUN BRI KE 120,KRIMINALITAS,KRIMINALITAS,DISINFORMASI (HOAKS),OKTOBER,3,ADUAN,2021
318,32,JAWA BARAT,PARTAI PRIMA BUATAN ANAK-ANAK KOMUNIS,POLITIK,POLITIK,DISINFORMASI (HOAKS),OKTOBER,3,ADUAN,2021
319,32,JAWA BARAT,DAFTAR KENDARAAN LELANG NONEKSEKUSI DARI KEMENTRIAN KEUANGAN REPUBLIK INDONESIA,EKONOMI,EKONOMI,DISINFORMASI (HOAKS),OKTOBER,2,ADUAN,2021
320,32,JAWA BARAT,"GELAR ICF CHAMPIONSHIP 2021, JALAN MENUJU KOTA GARUT PADA 26 OKTOBER 2021 DITUTUP",TRANSPORTASI,ENTERTAIMENT,BENAR,OKTOBER,2,ADUAN,2021
321,32,JAWA BARAT,LINK SUBSIDI DARI PERTAMINA VIA SMS RP. 189 JUTA,KRIMINALITAS,KRIMINALITAS,DISINFORMASI (HOAKS),OKTOBER,2,ADUAN,2021
322,32,JAWA BARAT,"MISIONARIS MEREBAK, TERMASUK DI SUMBAR",0,0,0,OKTOBER,2,ADUAN,2021
323,32,JAWA BARAT,PENGUMUMAN : PEMBERHENTIAN SEMENTARA OPERASIONAL BUS KOTA DAMRI BANDUNG,HUKUM DAN REGULASI,TRANSPORTASI,BENAR,OKTOBER,2,ADUAN,2021
324,32,JAWA BARAT,PERNYATAAN EKS PETINGGI INTELIJEN SAUDI TENTANG MOHAMMED BIN SALMAN,0,0,0,OKTOBER,2,ADUAN,2021
325,32,JAWA BARAT,TAWARAN KUOTA GRATIS 50 GB DI PERAYAAN ULANG TAHUN WHATSAPP,KRIMINALITAS,TEKNOLOGI,DISINFORMASI (HOAKS),OKTOBER,2,ADUAN,2021
326,32,JAWA BARAT,VAKSINASI MILENIAL JABAR,KESEHATAN,KESEHATAN,BENAR,OKTOBER,1,ADUAN,2021
327,32,JAWA BARAT,20 RIBU LAPORAN KEBUTAAN USAI VAKSINASI DI EROPA,KESEHATAN,KESEHATAN,DISINFORMASI (HOAKS),OKTOBER,1,ADUAN,2021
328,32,JAWA BARAT,ADA WALI ALLAH DI SURADE SUKABUMI,FIGUR,SARA,MISINFORMASI (HOAKS),OKTOBER,1,ADUAN,2021
329,32,JAWA BARAT,AIR REBUSAN DAUN SIRI DAPAT SEMBUHKAN KATARAK,KESEHATAN,KESEHATAN,DISINFORMASI (HOAKS),OKTOBER,1,ADUAN,2021
330,32,JAWA BARAT,AJID TEROBOS BANGUNAN SD YANG AMBRUK DEMI SELAMATKAN FOTO JIHYO,FIGUR,FIGUR,DISINFORMASI (HOAKS),OKTOBER,1,ADUAN,2021
331,32,JAWA BARAT,AKUN INSTGRAM LAPTOP BM STORE,KRIMINALITAS,KRIMINALITAS,DISINFORMASI (HOAKS),OKTOBER,1,ADUAN,2021
332,32,JAWA BARAT,VIDEO : 500 TON PISANG DARI SOMALIA TERKONTAMINASI CACING HELICOBACTER,PANGAN,PANGAN,DISINFORMASI (HOAKS),NOVEMBER,3,ADUAN,2021
333,32,JAWA BARAT,"DARI DITLANTAS POLDA, BESOK ADA RAZIA MASKER SERENTAK DISELURUH WILAYAH INDONESIA",HUKUM DAN REGULASI,KESEHATAN,DISINFORMASI (HOAKS),NOVEMBER,2,ADUAN,2021
334,32,JAWA BARAT,UANG BARU PECAHAN 1.0 BERNILAI 1 JUTA RUPIAH,EKONOMI,EKONOMI,DISINFORMASI (HOAKS),NOVEMBER,2,ADUAN,2021
335,32,JAWA BARAT,"WASPADA PENCULIKAN ANAK DENGAN MODUS PENJUAL, OM TELOLET, ORANG GILA, IBU HAMIL, PENGEMIS",KRIMINALITAS,KRIMINALITAS,DISINFORMASI (HOAKS),NOVEMBER,2,ADUAN,2021
336,32,JAWA BARAT,ACHA SEPTRIASA MENINGGAL DUNIA,FIGUR,FIGUR,DISINFORMASI (HOAKS),NOVEMBER,1,ADUAN,2021
337,32,JAWA BARAT,ADE ARMANDO : DALAM AL-QURAN TAK ADA PERINTAH SHOLAT 5 WAKTU,SARA,SARA,BENAR,NOVEMBER,1,ADUAN,2021
338,32,JAWA BARAT,ADE ARMANDO : SAYA BERAGAMA ISLAM TAPI TIDAK PERCAYA SYARIAT ISLAM HARUS DIJALANKAN,SARA,SARA,BENAR,NOVEMBER,1,ADUAN,2021
339,32,JAWA BARAT,AKUN WHATSAPP MENGATASNAMAKAN BUPATI INDRAMAYU,FIGUR,KRIMINALITAS,DISINFORMASI (HOAKS),NOVEMBER,1,ADUAN,2021
340,32,JAWA BARAT,AKUN WHATSAPP MENGATASNAMAKAN KAPOLDA JAWA BARAT AHMAD DOFIRI,KRIMINALITAS,KRIMINALITAS,DISINFORMASI (HOAKS),NOVEMBER,1,ADUAN,2021
341,32,JAWA BARAT,AKUN WHATSAPP MENGATASNAMAKAN WAKIL KETUA DPRD KOTA CIREBON,FIGUR,KRIMINALITAS,DISINFORMASI (HOAKS),NOVEMBER,1,ADUAN,2021
342,32,JAWA BARAT,ALIANSI DOKTER DUNIA SEBUT VARIAN DELTA TIDAK PERNAH ADA,KESEHATAN,KESEHATAN,DISINFORMASI (HOAKS),NOVEMBER,1,ADUAN,2021
343,32,JAWA BARAT,ANGGOTA DPR : PERMENDIKBUD 30 LEGALKAN SEKS BEBAS DAN LGBT ASAL KORBAN SETUJU,HUKUM DAN REGULASI,PENDIDIKAN,DISINFORMASI (HOAKS),NOVEMBER,1,ADUAN,2021
344,32,JAWA BARAT,BAHAN BURGER KFC 15% AYAM DAN SISANYA BAHAN TIDAK LAYAK KONSUMSI,PANGAN,PANGAN,DISINFORMASI (HOAKS),NOVEMBER,1,ADUAN,2021
345,32,JAWA BARAT,BAHAYA VAKSIN BERISIKO TINGGI,KESEHATAN,KESEHATAN,DISINFORMASI (HOAKS),NOVEMBER,1,ADUAN,2021
346,32,JAWA BARAT,BANK INDONESIA TAWARKAN INVESTASI ONLINE LEWAT TELEGRAM,KRIMINALITAS,KRIMINALITAS,DISINFORMASI (HOAKS),NOVEMBER,1,ADUAN,2021
347,32,JAWA BARAT,LOWONGAN KERJA DISKOMINFO JABAR,HUKUM DAN REGULASI,HUKUM DAN REGULASI,BENAR,DESEMBER,7,ADUAN,2021
348,32,JAWA BARAT,HADIAH ULANG TAHUN BRI KE - 130 UANG TUNAI SEBESAR 2 JUTA RUPIAH,KRIMINALITAS,KRIMINALITAS,DISINFORMASI (HOAKS),DESEMBER,4,ADUAN,2021
349,32,JAWA BARAT,REKRUTMEN DISKOMINFO JABAR MEMINTA BIAYA,KRIMINALITAS,KRIMINALITAS,DISINFORMASI (HOAKS),DESEMBER,3,ADUAN,2021
350,32,JAWA BARAT,SMS PEMBERITAHUAN PEMENANG UNDIAN KE-2 DARI PT SHOPEE SEBESAR RP 185 JUTA,EKONOMI,EKONOMI,DISINFORMASI (HOAKS),DESEMBER,3,ADUAN,2021
351,32,JAWA BARAT,HARI JADI JNE YANG KE-31 MELALUI KUISIONER ANDA AKAN MENDAPATKAN UANG TUNAI 2 JUTA RUPIAH,KRIMINALITAS,KRIMINALITAS,DISINFORMASI (HOAKS),DESEMBER,2,ADUAN,2021
352,32,JAWA BARAT,SERUAN ISI PENUH TANGKI BBM KARENA KARYAWAN PERTAMINA MOGOK KERJA,TRANSPORTASI,TRANSPORTASI,DISINFORMASI (HOAKS),DESEMBER,2,ADUAN,2021
353,32,JAWA BARAT,ULTAH KE-50 KIMIA FARMA BAGIKAN UANG 2 JUTA RUPIAH,KRIMINALITAS,KRIMINALITAS,DISINFORMASI (HOAKS),DESEMBER,2,ADUAN,2021
354,32,JAWA BARAT,WASPADA MENGAKU MAHASISWA MEMINTA FOTO KTP UNTUK PINJOL,KRIMINALITAS,KRIMINALITAS,DISINFORMASI (HOAKS),DESEMBER,2,ADUAN,2021
355,32,JAWA BARAT,"1,4 JUTA WARGA CHINA IKUT TES PNS 2021",HUKUM DAN REGULASI,HUKUM DAN REGULASI,DISINFORMASI (HOAKS),DESEMBER,1,ADUAN,2021
356,32,JAWA BARAT,AKUN PT PETROKIMIA GRESIK,KRIMINALITAS,KRIMINALITAS,DISINFORMASI (HOAKS),DESEMBER,1,ADUAN,2021
357,32,JAWA BARAT,AKUN WHATSAPP MENGATASNAMAKAN KAPOLDA JAWA BARAT AHMAD DOFIRI,KRIMINALITAS,KRIMINALITAS,DISINFORMASI (HOAKS),DESEMBER,1,ADUAN,2021
358,32,JAWA BARAT,BEJAT! GURU NGAJI DI DEPOK CABULI 10 ANAK MURIDNYA,KRIMINALITAS,KRIMINALITAS,BENAR,DESEMBER,1,ADUAN,2021
359,32,JAWA BARAT,BENARKAH JANTUNG MANUSIA BERHENTI BERDETAK SAAT BERSIN?,KESEHATAN,KESEHATAN,DISINFORMASI (HOAKS),DESEMBER,1,ADUAN,2021
360,32,JAWA BARAT,BENARKAH KONSUMSI SAYUR PAKIS MENGAKIBATKAN KANKER LAMBUNG,KESEHATAN,PANGAN,DISINFORMASI (HOAKS),DESEMBER,1,ADUAN,2021
361,32,JAWA BARAT,"DUBAI BERDUKA, TABRAKAN TRUK TANGKI DAN MENYEBABKAN KEBAKARAN BESAR DI JALAN TOL DUBAI",TRANSPORTASI,TRANSPORTASI,DISINFORMASI (HOAKS),DESEMBER,1,ADUAN,2021
